CREATE DATABASE  IF NOT EXISTS `bookdb` /*!40100 DEFAULT CHARACTER SET utf8mb4 COLLATE utf8mb4_0900_ai_ci */ /*!80016 DEFAULT ENCRYPTION='N' */;
USE `bookdb`;
-- MySQL dump 10.13  Distrib 8.0.41, for Win64 (x86_64)
--
-- Host: localhost    Database: bookdb
-- ------------------------------------------------------
-- Server version	8.0.41

/*!40101 SET @OLD_CHARACTER_SET_CLIENT=@@CHARACTER_SET_CLIENT */;
/*!40101 SET @OLD_CHARACTER_SET_RESULTS=@@CHARACTER_SET_RESULTS */;
/*!40101 SET @OLD_COLLATION_CONNECTION=@@COLLATION_CONNECTION */;
/*!50503 SET NAMES utf8 */;
/*!40103 SET @OLD_TIME_ZONE=@@TIME_ZONE */;
/*!40103 SET TIME_ZONE='+00:00' */;
/*!40014 SET @OLD_UNIQUE_CHECKS=@@UNIQUE_CHECKS, UNIQUE_CHECKS=0 */;
/*!40014 SET @OLD_FOREIGN_KEY_CHECKS=@@FOREIGN_KEY_CHECKS, FOREIGN_KEY_CHECKS=0 */;
/*!40101 SET @OLD_SQL_MODE=@@SQL_MODE, SQL_MODE='NO_AUTO_VALUE_ON_ZERO' */;
/*!40111 SET @OLD_SQL_NOTES=@@SQL_NOTES, SQL_NOTES=0 */;

--
-- Table structure for table `address_status`
--

DROP TABLE IF EXISTS `address_status`;
/*!40101 SET @saved_cs_client     = @@character_set_client */;
/*!50503 SET character_set_client = utf8mb4 */;
CREATE TABLE `address_status` (
  `status_id` int NOT NULL AUTO_INCREMENT,
  `status_name` varchar(200) DEFAULT NULL,
  `address_id` int DEFAULT NULL,
  PRIMARY KEY (`status_id`),
  KEY `address_id` (`address_id`),
  CONSTRAINT `address_status_ibfk_1` FOREIGN KEY (`address_id`) REFERENCES `customer_address` (`address_id`)
) ENGINE=InnoDB DEFAULT CHARSET=utf8mb4 COLLATE=utf8mb4_0900_ai_ci;
/*!40101 SET character_set_client = @saved_cs_client */;

--
-- Dumping data for table `address_status`
--

LOCK TABLES `address_status` WRITE;
/*!40000 ALTER TABLE `address_status` DISABLE KEYS */;
/*!40000 ALTER TABLE `address_status` ENABLE KEYS */;
UNLOCK TABLES;

--
-- Table structure for table `author`
--

DROP TABLE IF EXISTS `author`;
/*!40101 SET @saved_cs_client     = @@character_set_client */;
/*!50503 SET character_set_client = utf8mb4 */;
CREATE TABLE `author` (
  `author_id` int NOT NULL AUTO_INCREMENT,
  `first_name` varchar(100) NOT NULL,
  `last_name` varchar(100) NOT NULL,
  PRIMARY KEY (`author_id`)
) ENGINE=InnoDB AUTO_INCREMENT=6 DEFAULT CHARSET=utf8mb4 COLLATE=utf8mb4_0900_ai_ci;
/*!40101 SET character_set_client = @saved_cs_client */;

--
-- Dumping data for table `author`
--

LOCK TABLES `author` WRITE;
/*!40000 ALTER TABLE `author` DISABLE KEYS */;
INSERT INTO `author` VALUES (1,'George','Orwell'),(2,'Jane','Austen'),(3,'Chinua','Achebe'),(4,'J.K.','Rowling'),(5,'Gabriel','Garcia Marquez');
/*!40000 ALTER TABLE `author` ENABLE KEYS */;
UNLOCK TABLES;

--
-- Table structure for table `book`
--

DROP TABLE IF EXISTS `book`;
/*!40101 SET @saved_cs_client     = @@character_set_client */;
/*!50503 SET character_set_client = utf8mb4 */;
CREATE TABLE `book` (
  `book_id` int NOT NULL AUTO_INCREMENT,
  `title` varchar(255) NOT NULL,
  `publisher_id` int DEFAULT NULL,
  `language_id` int DEFAULT NULL,
  `price` decimal(10,2) DEFAULT NULL,
  PRIMARY KEY (`book_id`),
  KEY `publisher_id` (`publisher_id`),
  KEY `language_id` (`language_id`),
  CONSTRAINT `book_ibfk_1` FOREIGN KEY (`publisher_id`) REFERENCES `publisher` (`publisher_id`),
  CONSTRAINT `book_ibfk_2` FOREIGN KEY (`language_id`) REFERENCES `book_language` (`language_id`)
) ENGINE=InnoDB AUTO_INCREMENT=6 DEFAULT CHARSET=utf8mb4 COLLATE=utf8mb4_0900_ai_ci;
/*!40101 SET character_set_client = @saved_cs_client */;

--
-- Dumping data for table `book`
--

LOCK TABLES `book` WRITE;
/*!40000 ALTER TABLE `book` DISABLE KEYS */;
INSERT INTO `book` VALUES (1,'1984',1,1,19.99),(2,'Pride and Prejudice',2,1,14.50),(3,'Things Fall Apart',3,5,22.00),(4,'Harry Potter and the Sorcerer\'s Stone',4,1,29.99),(5,'One Hundred Years of Solitude',5,3,25.75);
/*!40000 ALTER TABLE `book` ENABLE KEYS */;
UNLOCK TABLES;

--
-- Table structure for table `book_author`
--

DROP TABLE IF EXISTS `book_author`;
/*!40101 SET @saved_cs_client     = @@character_set_client */;
/*!50503 SET character_set_client = utf8mb4 */;
CREATE TABLE `book_author` (
  `book_author_id` int NOT NULL AUTO_INCREMENT,
  `book_id` int DEFAULT NULL,
  `author_id` int DEFAULT NULL,
  PRIMARY KEY (`book_author_id`),
  KEY `book_id` (`book_id`),
  KEY `author_id` (`author_id`),
  CONSTRAINT `book_author_ibfk_1` FOREIGN KEY (`book_id`) REFERENCES `book` (`book_id`),
  CONSTRAINT `book_author_ibfk_2` FOREIGN KEY (`author_id`) REFERENCES `author` (`author_id`)
) ENGINE=InnoDB DEFAULT CHARSET=utf8mb4 COLLATE=utf8mb4_0900_ai_ci;
/*!40101 SET character_set_client = @saved_cs_client */;

--
-- Dumping data for table `book_author`
--

LOCK TABLES `book_author` WRITE;
/*!40000 ALTER TABLE `book_author` DISABLE KEYS */;
/*!40000 ALTER TABLE `book_author` ENABLE KEYS */;
UNLOCK TABLES;

--
-- Table structure for table `book_language`
--

DROP TABLE IF EXISTS `book_language`;
/*!40101 SET @saved_cs_client     = @@character_set_client */;
/*!50503 SET character_set_client = utf8mb4 */;
CREATE TABLE `book_language` (
  `language_id` int NOT NULL AUTO_INCREMENT,
  `language_name` varchar(100) NOT NULL,
  PRIMARY KEY (`language_id`)
) ENGINE=InnoDB AUTO_INCREMENT=6 DEFAULT CHARSET=utf8mb4 COLLATE=utf8mb4_0900_ai_ci;
/*!40101 SET character_set_client = @saved_cs_client */;

--
-- Dumping data for table `book_language`
--

LOCK TABLES `book_language` WRITE;
/*!40000 ALTER TABLE `book_language` DISABLE KEYS */;
INSERT INTO `book_language` VALUES (1,'English'),(2,'Spanish'),(3,'French'),(4,'German'),(5,'Swahili');
/*!40000 ALTER TABLE `book_language` ENABLE KEYS */;
UNLOCK TABLES;

--
-- Table structure for table `country`
--

DROP TABLE IF EXISTS `country`;
/*!40101 SET @saved_cs_client     = @@character_set_client */;
/*!50503 SET character_set_client = utf8mb4 */;
CREATE TABLE `country` (
  `country_id` int NOT NULL AUTO_INCREMENT,
  `country_name` varchar(100) NOT NULL,
  `address_id` int DEFAULT NULL,
  PRIMARY KEY (`country_id`),
  KEY `address_id` (`address_id`),
  CONSTRAINT `country_ibfk_1` FOREIGN KEY (`address_id`) REFERENCES `customer_address` (`address_id`)
) ENGINE=InnoDB DEFAULT CHARSET=utf8mb4 COLLATE=utf8mb4_0900_ai_ci;
/*!40101 SET character_set_client = @saved_cs_client */;

--
-- Dumping data for table `country`
--

LOCK TABLES `country` WRITE;
/*!40000 ALTER TABLE `country` DISABLE KEYS */;
/*!40000 ALTER TABLE `country` ENABLE KEYS */;
UNLOCK TABLES;

--
-- Table structure for table `cust_order`
--

DROP TABLE IF EXISTS `cust_order`;
/*!40101 SET @saved_cs_client     = @@character_set_client */;
/*!50503 SET character_set_client = utf8mb4 */;
CREATE TABLE `cust_order` (
  `order_id` int NOT NULL AUTO_INCREMENT,
  `order_name` varchar(100) DEFAULT NULL,
  PRIMARY KEY (`order_id`)
) ENGINE=InnoDB AUTO_INCREMENT=4 DEFAULT CHARSET=utf8mb4 COLLATE=utf8mb4_0900_ai_ci;
/*!40101 SET character_set_client = @saved_cs_client */;

--
-- Dumping data for table `cust_order`
--

LOCK TABLES `cust_order` WRITE;
/*!40000 ALTER TABLE `cust_order` DISABLE KEYS */;
INSERT INTO `cust_order` VALUES (1,'Order A'),(2,'Order B'),(3,'Order C');
/*!40000 ALTER TABLE `cust_order` ENABLE KEYS */;
UNLOCK TABLES;

--
-- Table structure for table `customer`
--

DROP TABLE IF EXISTS `customer`;
/*!40101 SET @saved_cs_client     = @@character_set_client */;
/*!50503 SET character_set_client = utf8mb4 */;
CREATE TABLE `customer` (
  `customer_id` int NOT NULL AUTO_INCREMENT,
  `first_name` varchar(100) DEFAULT NULL,
  `last_name` varchar(100) DEFAULT NULL,
  `email` varchar(255) DEFAULT NULL,
  `phone` int DEFAULT NULL,
  PRIMARY KEY (`customer_id`)
) ENGINE=InnoDB DEFAULT CHARSET=utf8mb4 COLLATE=utf8mb4_0900_ai_ci;
/*!40101 SET character_set_client = @saved_cs_client */;

--
-- Dumping data for table `customer`
--

LOCK TABLES `customer` WRITE;
/*!40000 ALTER TABLE `customer` DISABLE KEYS */;
/*!40000 ALTER TABLE `customer` ENABLE KEYS */;
UNLOCK TABLES;

--
-- Table structure for table `customer_address`
--

DROP TABLE IF EXISTS `customer_address`;
/*!40101 SET @saved_cs_client     = @@character_set_client */;
/*!50503 SET character_set_client = utf8mb4 */;
CREATE TABLE `customer_address` (
  `address_id` int NOT NULL AUTO_INCREMENT,
  `customer_id` int NOT NULL,
  `address_name` varchar(255) DEFAULT NULL,
  PRIMARY KEY (`address_id`),
  KEY `customer_id` (`customer_id`),
  CONSTRAINT `customer_address_ibfk_1` FOREIGN KEY (`customer_id`) REFERENCES `customer` (`customer_id`)
) ENGINE=InnoDB DEFAULT CHARSET=utf8mb4 COLLATE=utf8mb4_0900_ai_ci;
/*!40101 SET character_set_client = @saved_cs_client */;

--
-- Dumping data for table `customer_address`
--

LOCK TABLES `customer_address` WRITE;
/*!40000 ALTER TABLE `customer_address` DISABLE KEYS */;
/*!40000 ALTER TABLE `customer_address` ENABLE KEYS */;
UNLOCK TABLES;

--
-- Table structure for table `order_history`
--

DROP TABLE IF EXISTS `order_history`;
/*!40101 SET @saved_cs_client     = @@character_set_client */;
/*!50503 SET character_set_client = utf8mb4 */;
CREATE TABLE `order_history` (
  `history_id` int NOT NULL AUTO_INCREMENT,
  `history_name` varchar(255) DEFAULT NULL,
  `order_id` int DEFAULT NULL,
  PRIMARY KEY (`history_id`),
  KEY `order_id` (`order_id`),
  CONSTRAINT `order_history_ibfk_1` FOREIGN KEY (`order_id`) REFERENCES `cust_order` (`order_id`)
) ENGINE=InnoDB DEFAULT CHARSET=utf8mb4 COLLATE=utf8mb4_0900_ai_ci;
/*!40101 SET character_set_client = @saved_cs_client */;

--
-- Dumping data for table `order_history`
--

LOCK TABLES `order_history` WRITE;
/*!40000 ALTER TABLE `order_history` DISABLE KEYS */;
/*!40000 ALTER TABLE `order_history` ENABLE KEYS */;
UNLOCK TABLES;

--
-- Table structure for table `order_line`
--

DROP TABLE IF EXISTS `order_line`;
/*!40101 SET @saved_cs_client     = @@character_set_client */;
/*!50503 SET character_set_client = utf8mb4 */;
CREATE TABLE `order_line` (
  `order_line_id` int NOT NULL AUTO_INCREMENT,
  `order_id` int DEFAULT NULL,
  `book_id` int DEFAULT NULL,
  `quantity` int DEFAULT NULL,
  PRIMARY KEY (`order_line_id`),
  KEY `book_id` (`book_id`),
  KEY `order_id` (`order_id`),
  CONSTRAINT `order_line_ibfk_1` FOREIGN KEY (`book_id`) REFERENCES `book` (`book_id`),
  CONSTRAINT `order_line_ibfk_2` FOREIGN KEY (`order_id`) REFERENCES `cust_order` (`order_id`)
) ENGINE=InnoDB AUTO_INCREMENT=6 DEFAULT CHARSET=utf8mb4 COLLATE=utf8mb4_0900_ai_ci;
/*!40101 SET character_set_client = @saved_cs_client */;

--
-- Dumping data for table `order_line`
--

LOCK TABLES `order_line` WRITE;
/*!40000 ALTER TABLE `order_line` DISABLE KEYS */;
INSERT INTO `order_line` VALUES (1,1,1,1),(2,1,2,2),(3,2,3,1),(4,2,4,1),(5,3,5,3);
/*!40000 ALTER TABLE `order_line` ENABLE KEYS */;
UNLOCK TABLES;

--
-- Table structure for table `order_status`
--

DROP TABLE IF EXISTS `order_status`;
/*!40101 SET @saved_cs_client     = @@character_set_client */;
/*!50503 SET character_set_client = utf8mb4 */;
CREATE TABLE `order_status` (
  `status_id` int NOT NULL AUTO_INCREMENT,
  `status_name` varchar(255) DEFAULT NULL,
  `order_id` int DEFAULT NULL,
  PRIMARY KEY (`status_id`),
  KEY `order_id` (`order_id`),
  CONSTRAINT `order_status_ibfk_1` FOREIGN KEY (`order_id`) REFERENCES `cust_order` (`order_id`)
) ENGINE=InnoDB AUTO_INCREMENT=4 DEFAULT CHARSET=utf8mb4 COLLATE=utf8mb4_0900_ai_ci;
/*!40101 SET character_set_client = @saved_cs_client */;

--
-- Dumping data for table `order_status`
--

LOCK TABLES `order_status` WRITE;
/*!40000 ALTER TABLE `order_status` DISABLE KEYS */;
INSERT INTO `order_status` VALUES (1,'Shipped',NULL),(2,'Pending',NULL),(3,'Delivered',NULL);
/*!40000 ALTER TABLE `order_status` ENABLE KEYS */;
UNLOCK TABLES;

--
-- Table structure for table `publisher`
--

DROP TABLE IF EXISTS `publisher`;
/*!40101 SET @saved_cs_client     = @@character_set_client */;
/*!50503 SET character_set_client = utf8mb4 */;
CREATE TABLE `publisher` (
  `publisher_id` int NOT NULL AUTO_INCREMENT,
  `name` varchar(255) NOT NULL,
  PRIMARY KEY (`publisher_id`)
) ENGINE=InnoDB AUTO_INCREMENT=6 DEFAULT CHARSET=utf8mb4 COLLATE=utf8mb4_0900_ai_ci;
/*!40101 SET character_set_client = @saved_cs_client */;

--
-- Dumping data for table `publisher`
--

LOCK TABLES `publisher` WRITE;
/*!40000 ALTER TABLE `publisher` DISABLE KEYS */;
INSERT INTO `publisher` VALUES (1,'Penguin Books'),(2,'O\'Reilly Media'),(3,'HarperCollins'),(4,'Random House'),(5,'Simon & Schuster');
/*!40000 ALTER TABLE `publisher` ENABLE KEYS */;
UNLOCK TABLES;

--
-- Table structure for table `shipping_method`
--

DROP TABLE IF EXISTS `shipping_method`;
/*!40101 SET @saved_cs_client     = @@character_set_client */;
/*!50503 SET character_set_client = utf8mb4 */;
CREATE TABLE `shipping_method` (
  `shipping_id` int NOT NULL AUTO_INCREMENT,
  `shipping_mode` varchar(200) DEFAULT NULL,
  `order_id` int DEFAULT NULL,
  PRIMARY KEY (`shipping_id`),
  KEY `order_id` (`order_id`),
  CONSTRAINT `shipping_method_ibfk_1` FOREIGN KEY (`order_id`) REFERENCES `cust_order` (`order_id`)
) ENGINE=InnoDB AUTO_INCREMENT=4 DEFAULT CHARSET=utf8mb4 COLLATE=utf8mb4_0900_ai_ci;
/*!40101 SET character_set_client = @saved_cs_client */;

--
-- Dumping data for table `shipping_method`
--

LOCK TABLES `shipping_method` WRITE;
/*!40000 ALTER TABLE `shipping_method` DISABLE KEYS */;
INSERT INTO `shipping_method` VALUES (1,'Drop_shipping',NULL),(2,'Local delivery',NULL),(3,'In_store pickup',NULL);
/*!40000 ALTER TABLE `shipping_method` ENABLE KEYS */;
UNLOCK TABLES;
/*!40103 SET TIME_ZONE=@OLD_TIME_ZONE */;

/*!40101 SET SQL_MODE=@OLD_SQL_MODE */;
/*!40014 SET FOREIGN_KEY_CHECKS=@OLD_FOREIGN_KEY_CHECKS */;
/*!40014 SET UNIQUE_CHECKS=@OLD_UNIQUE_CHECKS */;
/*!40101 SET CHARACTER_SET_CLIENT=@OLD_CHARACTER_SET_CLIENT */;
/*!40101 SET CHARACTER_SET_RESULTS=@OLD_CHARACTER_SET_RESULTS */;
/*!40101 SET COLLATION_CONNECTION=@OLD_COLLATION_CONNECTION */;
/*!40111 SET SQL_NOTES=@OLD_SQL_NOTES */;

-- Dump completed on 2025-04-13 17:41:53
